track,subject,workload_category,treatment,paradigm,rep,kind,ok,error,cold_match,steady_match,cold_match_eff,steady_match_eff,match_source,passed,passed_cold_only,peak_memory_mb,steady_requests,steady_rps,load_ok,cpu_sut_0_7_pct,cpu_loadgen_8_15_pct,steady_j_per_request,steady_subres,total_duration_s,total_energy_sut_j,provisioning_duration_s,provisioning_energy_pkg0_eb_j,provisioning_energy_pkg0_sysfs_j,provisioning_energy_pkg1_j,provisioning_energy_node_j,provisioning_power_pkg0_w,cold_start_duration_s,cold_start_energy_pkg0_eb_j,cold_start_energy_pkg0_sysfs_j,cold_start_energy_pkg1_j,cold_start_energy_node_j,cold_start_power_pkg0_w,steady_state_duration_s,steady_state_energy_pkg0_eb_j,steady_state_energy_pkg0_sysfs_j,steady_state_energy_pkg1_j,steady_state_energy_node_j,steady_state_power_pkg0_w,provisioning_energy_sut_j,cold_start_energy_sut_j,steady_state_energy_sut_j,provisioning_power_sut_w,cold_start_power_sut_w,steady_state_power_sut_w
stack,hotel-reservation,stack,confine,syscall-restriction,0,stack,True,,,,True,True,posthoc,True,True,,49315,1641.5225,True,95.6,10.4,0.03249838584506172,False,34.918369458056986,1731.5701293945312,4.807314571924508,128.9122314453125,129.45187800000002,94.955934,224.40781200000004,26.815851036289725,0.0030024871230125427,,,,,,30.108052399009466,1602.6578979492188,1604.109052,730.9857380000001,2335.09479,53.23020820841753,128.9122314453125,,1602.6578979492188,26.815851036289725,,53.23020820841753
stack,hotel-reservation,stack,confine,syscall-restriction,1,stack,True,,,,True,True,posthoc,True,True,,49371,1643.1392,True,95.7,10.5,0.0326071374868502,False,35.04208316607401,1738.824951171875,4.897972295060754,128.97796630859375,129.925876,92.951239,222.877115,26.332930963831416,0.0023627649061381817,,,,,,30.141748106107116,1609.8469848632812,1611.522547,731.075338,2342.597885,53.409211011789495,128.97796630859375,,1609.8469848632812,26.332930963831416,,53.409211011789495
stack,hotel-reservation,stack,confine,syscall-restriction,10,stack,True,,,,True,True,posthoc,True,True,,49503,1646.8508,True,95.8,10.3,0.03249843729878114,False,35.053191328886896,1737.55712890625,4.902869611978531,128.7869873046875,129.340551,96.041625,225.38217600000002,26.26767536098438,0.002929524052888155,,,,,,30.147392192855477,1608.7701416015625,1610.291044,728.8712419999999,2339.1622859999998,53.363492646731125,128.7869873046875,,1608.7701416015625,26.26767536098438,,53.363492646731125
stack,hotel-reservation,stack,confine,syscall-restriction,11,stack,True,,,,True,True,posthoc,True,True,,49644,1652.4317,True,95.9,10.4,0.032413202657216256,False,35.02881467109546,1738.8299560546875,4.889203578233719,129.70892333984375,130.269137,95.134217,225.403354,26.529663014503193,0.002306930720806122,,,,,,30.137304162140936,1609.1210327148438,1610.481534,729.1480359999999,2339.62957,53.39299839354088,129.70892333984375,,1609.1210327148438,26.529663014503193,,53.39299839354088
stack,hotel-reservation,stack,confine,syscall-restriction,12,stack,True,,,,True,True,posthoc,True,True,,49600,1649.7605,True,95.8,10.5,0.03242742107760522,False,34.95896163303405,1736.0940551757812,4.80645753396675,127.6939697265625,128.63761000000002,95.199036,223.83664600000003,26.567169027118645,0.002728230319917202,,,,,,30.149775868747383,1608.4000854492188,1610.0604540000002,730.705283,2340.765737,53.34699974060013,127.6939697265625,,1608.4000854492188,26.567169027118645,,53.34699974060013
stack,hotel-reservation,stack,confine,syscall-restriction,13,stack,True,,,,True,True,posthoc,True,True,,49445,1645.9801,True,96.0,10.5,0.03253901386444218,False,35.06493287719786,1738.1904907226562,4.934069151990116,129.2989501953125,131.536711,96.932858,228.46956899999998,26.205338071348443,0.0029037022031843662,0.0,,,,0.0,30.12796002300456,1608.8915405273438,1607.360631,730.956686,2338.317317,53.401940898051365,129.2989501953125,0.0,1608.8915405273438,26.205338071348443,0.0,53.401940898051365
stack,hotel-reservation,stack,confine,syscall-restriction,14,stack,True,,,,True,True,posthoc,True,True,,49606,1650.8114,True,96.1,10.5,0.03246402082984228,False,35.092113661114126,1740.8929443359375,4.957548178266734,130.48272705078125,131.13504,96.020262,227.155302,26.32001190080231,0.002276396844536066,,,,,,30.132289086002856,1610.4102172851562,1608.770601,731.993365,2340.763966,53.44466902891984,130.48272705078125,,1610.4102172851562,26.32001190080231,,53.44466902891984
stack,hotel-reservation,stack,confine,syscall-restriction,15,stack,True,,,,True,True,posthoc,True,True,,59940,1994.9025,False,96.1,11.2,0.02684537463081571,False,32.12307907268405,1674.1979370117188,1.9691584408283234,65.086181640625,64.523089,52.002003,116.525092,33.05279061914723,0.0010728612542152405,,,,,,30.15284777060151,1609.1117553710938,1611.014553,739.8651110000001,2350.879664,53.36516695248762,65.086181640625,,1609.1117553710938,33.05279061914723,,53.36516695248762
stack,hotel-reservation,stack,confine,syscall-restriction,16,stack,True,,,,True,True,posthoc,True,True,,49490,1646.894,True,96.1,10.5,0.03251589059974237,False,35.084222842007875,1740.0081787109375,4.950150792021304,130.7967529296875,131.506499,97.26146999999999,228.767969,26.422781532333687,0.002742778044193983,,,,,,30.131329271942377,1609.21142578125,1607.646153,728.733241,2336.379394,53.40658592449527,130.7967529296875,,1609.21142578125,26.422781532333687,,53.40658592449527
stack,hotel-reservation,stack,confine,syscall-restriction,17,stack,True,,,,True,True,posthoc,True,True,,49525,1648.3964,True,95.7,10.4,0.03253189233262872,False,35.01656196126714,1741.1539306640625,4.882082279305905,130.011962890625,130.57657,96.257261,226.833831,26.63043255983573,0.0027852249331772327,,,,,,30.13169445702806,1611.1419677734375,1612.5683809999998,730.32241,2342.890791,53.470008799908264,130.011962890625,,1611.1419677734375,26.63043255983573,,53.470008799908264
stack,hotel-reservation,stack,confine,syscall-restriction,18,stack,True,,,,True,True,posthoc,True,True,,73221,2435.4809,False,96.1,11.6,0.021958526329163168,False,32.11055697966367,1673.0845336914062,1.9345627427101135,65.25927734375,64.990556,53.650985,118.64154099999999,33.73334754308811,0.0011562579311430454,,,,,,30.174837979022413,1607.8252563476562,1609.512665,748.956029,2358.468694,53.28364173704656,65.25927734375,,1607.8252563476562,33.73334754308811,,53.28364173704656
stack,hotel-reservation,stack,confine,syscall-restriction,19,stack,True,,,,True,True,posthoc,True,True,,49524,1648.0557,True,95.9,10.4,0.032492027963635685,False,35.17004077602178,1740.5513305664062,5.020043917000294,131.4161376953125,132.124356,97.814142,229.938498,26.178284466849778,0.0026580695994198322,,,,,,30.147338789422065,1609.1351928710938,1610.635647,736.617744,2347.253391,53.375696080865964,131.4161376953125,,1609.1351928710938,26.178284466849778,,53.375696080865964
stack,hotel-reservation,stack,confine,syscall-restriction,2,stack,True,,,,True,True,posthoc,True,True,,49542,1649.9018,True,96.0,10.4,0.03244062536663967,False,34.83862819802016,1733.435791015625,4.720944870728999,126.2623291015625,126.83359800000001,93.714787,220.548385,26.745139491973205,0.002805698197335005,,,,,,30.114877629093826,1607.1734619140625,1608.5474570000001,736.845831,2345.393288,53.36808874698467,126.2623291015625,,1607.1734619140625,26.745139491973205,,53.36808874698467
stack,hotel-reservation,stack,confine,syscall-restriction,3,stack,True,,,,True,True,posthoc,True,True,,49413,1644.2231,True,95.9,10.4,0.03253547724504432,False,35.100932627916336,1739.0337524414062,4.958751750644296,131.35821533203125,132.113981,96.68279700000001,228.79677800000002,26.49017775793348,0.0025863670744001865,,,,,,30.13959451019764,1607.675537109375,1606.018227,726.829682,2332.847909,53.34098096659605,131.35821533203125,,1607.675537109375,26.49017775793348,,53.34098096659605
stack,hotel-reservation,stack,confine,syscall-restriction,4,stack,True,,,,True,True,posthoc,True,True,,49667,1652.4854,True,95.6,10.4,0.032436644507498065,False,35.10403816495091,1741.3561401367188,4.951679643243551,130.3253173828125,132.71688400000002,96.60979900000001,229.32668300000003,26.319416192571804,0.0024611358530819416,,,,,,30.149897385854274,1611.0308227539062,1605.498149,730.036828,2335.5349770000003,53.43403999476859,130.3253173828125,,1611.0308227539062,26.319416192571804,,53.43403999476859
stack,hotel-reservation,stack,confine,syscall-restriction,5,stack,True,,,,True,True,posthoc,True,True,,49262,1639.7035,True,95.8,10.2,0.03258198182914188,False,34.91346986172721,1732.2352905273438,4.7714134198613465,127.18170166015625,127.704202,94.839967,222.544169,26.654932295481544,0.0029248311184346676,,,,,,30.139131610747427,1605.0535888671875,1606.321267,738.815552,2345.1368190000003,53.254805400393,127.18170166015625,,1605.0535888671875,26.654932295481544,,53.254805400393
stack,hotel-reservation,stack,confine,syscall-restriction,6,stack,True,,,,True,True,posthoc,True,True,,49510,1647.032,True,95.9,10.4,0.0325437739554667,False,35.05922732502222,1741.7701416015625,4.900069740135223,130.52789306640625,131.147674,95.45629799999999,226.603972,26.63796639408732,0.0029013361781835556,,,,,,30.156256248708814,1611.2422485351562,1612.773886,730.887167,2343.661053,53.429783698835095,130.52789306640625,,1611.2422485351562,26.63796639408732,,53.429783698835095
stack,hotel-reservation,stack,confine,syscall-restriction,7,stack,True,,,,True,True,posthoc,True,True,,49428,1644.6163,True,95.8,10.5,0.03258805021437432,False,35.1373329567723,1740.8674926757812,4.985155059024692,130.1053466796875,130.718171,95.161011,225.87918200000001,26.098555639539452,0.00236210273578763,,,,,,30.14981579501182,1610.7621459960938,1612.245018,729.6183100000001,2341.8633280000004,53.42527320722765,130.1053466796875,,1610.7621459960938,26.098555639539452,,53.42527320722765
stack,hotel-reservation,stack,confine,syscall-restriction,8,stack,True,,,,True,True,posthoc,True,True,,49566,1648.8923,True,95.7,10.3,0.032590283563676464,False,35.08039203705266,1745.068359375,4.922881948295981,129.6983642578125,130.350985,96.61236299999999,226.963348,26.346023654438156,0.0029510469175875187,,,,,,30.154559041839093,1615.3699951171875,1613.811298,734.383557,2348.194855,53.569677237723184,129.6983642578125,,1615.3699951171875,26.346023654438156,,53.569677237723184
stack,hotel-reservation,stack,confine,syscall-restriction,9,stack,True,,,,True,True,posthoc,True,True,,49562,1648.9531,True,95.7,10.3,0.0324752276228827,False,34.96841395786032,1739.5481567382812,4.823634291999042,130.01092529296875,130.64163299999998,94.693056,225.33468899999997,26.95289846260065,0.002760960254818201,,,,,,30.14201870560646,1609.5372314453125,1608.005527,729.872583,2337.87811,53.3984550658492,130.01092529296875,,1609.5372314453125,26.95289846260065,,53.3984550658492
stack,shopizer,stack,confine,syscall-restriction,0,stack,False,TimeoutError: stack not ready,,,,,none,False,False,,,,,,,,False,,,,,,,,,,,,,,,,,,,,,,,,,,
stack,shopizer,stack,confine,syscall-restriction,1,stack,False,TimeoutError: stack not ready,,,,,none,False,False,,,,,,,,False,,,,,,,,,,,,,,,,,,,,,,,,,,
stack,shopizer,stack,confine,syscall-restriction,10,stack,False,TimeoutError: stack not ready,,,,,none,False,False,,,,,,,,False,,,,,,,,,,,,,,,,,,,,,,,,,,
stack,shopizer,stack,confine,syscall-restriction,11,stack,False,TimeoutError: stack not ready,,,,,none,False,False,,,,,,,,False,,,,,,,,,,,,,,,,,,,,,,,,,,
stack,shopizer,stack,confine,syscall-restriction,12,stack,False,TimeoutError: stack not ready,,,,,none,False,False,,,,,,,,False,,,,,,,,,,,,,,,,,,,,,,,,,,
stack,shopizer,stack,confine,syscall-restriction,13,stack,False,TimeoutError: stack not ready,,,,,none,False,False,,,,,,,,False,,,,,,,,,,,,,,,,,,,,,,,,,,
stack,shopizer,stack,confine,syscall-restriction,14,stack,False,TimeoutError: stack not ready,,,,,none,False,False,,,,,,,,False,,,,,,,,,,,,,,,,,,,,,,,,,,
stack,shopizer,stack,confine,syscall-restriction,15,stack,False,TimeoutError: stack not ready,,,,,none,False,False,,,,,,,,False,,,,,,,,,,,,,,,,,,,,,,,,,,
stack,shopizer,stack,confine,syscall-restriction,16,stack,False,TimeoutError: stack not ready,,,,,none,False,False,,,,,,,,False,,,,,,,,,,,,,,,,,,,,,,,,,,
stack,shopizer,stack,confine,syscall-restriction,17,stack,False,TimeoutError: stack not ready,,,,,none,False,False,,,,,,,,False,,,,,,,,,,,,,,,,,,,,,,,,,,
stack,shopizer,stack,confine,syscall-restriction,18,stack,False,TimeoutError: stack not ready,,,,,none,False,False,,,,,,,,False,,,,,,,,,,,,,,,,,,,,,,,,,,
stack,shopizer,stack,confine,syscall-restriction,19,stack,False,TimeoutError: stack not ready,,,,,none,False,False,,,,,,,,False,,,,,,,,,,,,,,,,,,,,,,,,,,
stack,shopizer,stack,confine,syscall-restriction,2,stack,False,TimeoutError: stack not ready,,,,,none,False,False,,,,,,,,False,,,,,,,,,,,,,,,,,,,,,,,,,,
stack,shopizer,stack,confine,syscall-restriction,3,stack,False,TimeoutError: stack not ready,,,,,none,False,False,,,,,,,,False,,,,,,,,,,,,,,,,,,,,,,,,,,
stack,shopizer,stack,confine,syscall-restriction,4,stack,False,TimeoutError: stack not ready,,,,,none,False,False,,,,,,,,False,,,,,,,,,,,,,,,,,,,,,,,,,,
stack,shopizer,stack,confine,syscall-restriction,5,stack,False,TimeoutError: stack not ready,,,,,none,False,False,,,,,,,,False,,,,,,,,,,,,,,,,,,,,,,,,,,
stack,shopizer,stack,confine,syscall-restriction,6,stack,False,TimeoutError: stack not ready,,,,,none,False,False,,,,,,,,False,,,,,,,,,,,,,,,,,,,,,,,,,,
stack,shopizer,stack,confine,syscall-restriction,7,stack,False,TimeoutError: stack not ready,,,,,none,False,False,,,,,,,,False,,,,,,,,,,,,,,,,,,,,,,,,,,
stack,shopizer,stack,confine,syscall-restriction,8,stack,False,TimeoutError: stack not ready,,,,,none,False,False,,,,,,,,False,,,,,,,,,,,,,,,,,,,,,,,,,,
stack,shopizer,stack,confine,syscall-restriction,9,stack,False,TimeoutError: stack not ready,,,,,none,False,False,,,,,,,,False,,,,,,,,,,,,,,,,,,,,,,,,,,
stack,sock-shop,stack,confine,syscall-restriction,0,stack,False,TimeoutError: stack not ready,,,,,none,False,False,,,,,,,,False,,,,,,,,,,,,,,,,,,,,,,,,,,
stack,sock-shop,stack,confine,syscall-restriction,1,stack,False,"RuntimeError: up failed: iner ss-payment-1 Started 
 Container ss-carts-db-1 Started 
 Container ss-queue-master-1 Started 
 Container ss-orders-1 Started 
 Container ss-shipping-1 Started 
 Container ss-orders-db-1 Started 
 Container ss-edge-router-1 Started 
 Container ss-rabbitmq-1 Started 
 Con",,,,,none,False,False,,,,,,,,False,,,,,,,,,,,,,,,,,,,,,,,,,,
stack,sock-shop,stack,confine,syscall-restriction,10,stack,False,TimeoutError: stack not ready,,,,,none,False,False,,,,,,,,False,,,,,,,,,,,,,,,,,,,,,,,,,,
stack,sock-shop,stack,confine,syscall-restriction,11,stack,False,TimeoutError: stack not ready,,,,,none,False,False,,,,,,,,False,,,,,,,,,,,,,,,,,,,,,,,,,,
stack,sock-shop,stack,confine,syscall-restriction,12,stack,False,"RuntimeError: up failed: ntainer ss-edge-router-1 Started 
 Container ss-user-1 Started 
 Container ss-orders-1 Started 
 Container ss-carts-db-1 Started 
 Container ss-user-db-1 Started 
 Container ss-queue-master-1 Started 
 Container ss-shipping-1 Started 
 Container ss-rabbitmq-1 Started 
 Conta",,,,,none,False,False,,,,,,,,False,,,,,,,,,,,,,,,,,,,,,,,,,,
stack,sock-shop,stack,confine,syscall-restriction,13,stack,False,TimeoutError: stack not ready,,,,,none,False,False,,,,,,,,False,,,,,,,,,,,,,,,,,,,,,,,,,,
stack,sock-shop,stack,confine,syscall-restriction,14,stack,False,"RuntimeError: up failed:  Container ss-payment-1 Started 
 Container ss-front-end-1 Started 
 Container ss-carts-db-1 Started 
 Container ss-shipping-1 Started 
 Container ss-user-db-1 Started 
 Container ss-orders-1 Started 
 Container ss-orders-db-1 Started 
 Container ss-user-1 Started 
 Containe",,,,,none,False,False,,,,,,,,False,,,,,,,,,,,,,,,,,,,,,,,,,,
stack,sock-shop,stack,confine,syscall-restriction,15,stack,False,TimeoutError: stack not ready,,,,,none,False,False,,,,,,,,False,,,,,,,,,,,,,,,,,,,,,,,,,,
stack,sock-shop,stack,confine,syscall-restriction,16,stack,False,TimeoutError: stack not ready,,,,,none,False,False,,,,,,,,False,,,,,,,,,,,,,,,,,,,,,,,,,,
stack,sock-shop,stack,confine,syscall-restriction,17,stack,False,"RuntimeError: up failed: iner ss-catalogue-db-1 Started 
 Container ss-queue-master-1 Started 
 Container ss-user-1 Started 
 Container ss-payment-1 Started 
 Container ss-orders-db-1 Started 
 Container ss-user-db-1 Started 
 Container ss-rabbitmq-1 Started 
 Container ss-orders-1 Started 
 Contain",,,,,none,False,False,,,,,,,,False,,,,,,,,,,,,,,,,,,,,,,,,,,
stack,sock-shop,stack,confine,syscall-restriction,18,stack,False,"RuntimeError: up failed: ontainer ss-rabbitmq-1 Started 
 Container ss-shipping-1 Started 
 Container ss-user-db-1 Started 
 Container ss-orders-1 Started 
 Container ss-payment-1 Started 
 Container ss-edge-router-1 Started 
 Container ss-user-1 Started 
 Container ss-front-end-1 Started 
 Containe",,,,,none,False,False,,,,,,,,False,,,,,,,,,,,,,,,,,,,,,,,,,,
stack,sock-shop,stack,confine,syscall-restriction,19,stack,False,TimeoutError: stack not ready,,,,,none,False,False,,,,,,,,False,,,,,,,,,,,,,,,,,,,,,,,,,,
stack,sock-shop,stack,confine,syscall-restriction,2,stack,False,TimeoutError: stack not ready,,,,,none,False,False,,,,,,,,False,,,,,,,,,,,,,,,,,,,,,,,,,,
stack,sock-shop,stack,confine,syscall-restriction,3,stack,False,TimeoutError: stack not ready,,,,,none,False,False,,,,,,,,False,,,,,,,,,,,,,,,,,,,,,,,,,,
stack,sock-shop,stack,confine,syscall-restriction,4,stack,False,TimeoutError: stack not ready,,,,,none,False,False,,,,,,,,False,,,,,,,,,,,,,,,,,,,,,,,,,,
stack,sock-shop,stack,confine,syscall-restriction,5,stack,False,TimeoutError: stack not ready,,,,,none,False,False,,,,,,,,False,,,,,,,,,,,,,,,,,,,,,,,,,,
stack,sock-shop,stack,confine,syscall-restriction,6,stack,False,TimeoutError: stack not ready,,,,,none,False,False,,,,,,,,False,,,,,,,,,,,,,,,,,,,,,,,,,,
stack,sock-shop,stack,confine,syscall-restriction,7,stack,False,"RuntimeError: up failed: iner ss-shipping-1 Started 
 Container ss-front-end-1 Started 
 Container ss-orders-1 Started 
 Container ss-queue-master-1 Started 
 Container ss-catalogue-1 Started 
 Container ss-carts-db-1 Started 
 Container ss-orders-db-1 Started 
 Container ss-rabbitmq-1 Started 
 Con",,,,,none,False,False,,,,,,,,False,,,,,,,,,,,,,,,,,,,,,,,,,,
stack,sock-shop,stack,confine,syscall-restriction,8,stack,False,"RuntimeError: up failed: ontainer ss-orders-1 Started 
 Container ss-user-db-1 Started 
 Container ss-payment-1 Started 
 Container ss-queue-master-1 Started 
 Container ss-rabbitmq-1 Started 
 Container ss-orders-db-1 Started 
 Container ss-user-1 Started 
 Container ss-edge-router-1 Started 
 Cont",,,,,none,False,False,,,,,,,,False,,,,,,,,,,,,,,,,,,,,,,,,,,
stack,sock-shop,stack,confine,syscall-restriction,9,stack,False,TimeoutError: stack not ready,,,,,none,False,False,,,,,,,,False,,,,,,,,,,,,,,,,,,,,,,,,,,
stack,train-ticket,stack,confine,syscall-restriction,0,stack,True,,,,True,True,posthoc,True,True,,547,17.0559,True,99.6,4.4,3.1334816550859803,False,277.7955692457035,14700.886840820312,244.65145022794604,12972.869934082031,12972.98278,5610.685588,18583.668368,53.02592697486559,0.6501049697399139,14.00244140625,14.137171000000308,8.260232000000542,22.39740300000085,21.538739215994497,32.49401404801756,1714.0144653320312,1710.7710719999995,763.9571509999996,2474.728222999999,52.748622032327894,12972.869934082031,14.00244140625,1714.0144653320312,53.02592697486559,21.538739215994497,52.748622032327894
stack,train-ticket,stack,confine,syscall-restriction,1,stack,True,,,,True,True,posthoc,True,True,,553,17.2151,True,99.6,4.7,3.0918196114234857,False,278.31271137995645,14748.27001953125,245.26350968098268,-249119.56561279297,13024.61778,5675.449887000001,18700.067667000003,-1015.7220939096318,0.6427101939916611,14.05938720703125,14.187219000001278,8.343973000000005,22.531192000001283,21.87515825711902,32.406491504982114,1709.7762451171875,1711.6064580000002,773.2086529999997,2484.815111,52.76030096791964,13024.434387207031,14.05938720703125,1709.7762451171875,53.10384086139873,21.87515825711902,52.76030096791964
stack,train-ticket,stack,confine,syscall-restriction,10,stack,True,,,,True,True,posthoc,True,True,,556,17.3924,True,99.5,4.6,3.055616859051821,False,279.782746640034,14839.858032226562,246.9970836089924,13127.749328613281,13128.686178,5741.267529,18869.953707,53.14941025536603,0.5294834203086793,13.18572998046875,13.243191000001389,6.682721999999558,19.925913000000946,24.903008242980878,32.25617961073294,1698.9229736328125,1701.088785,769.1882159999996,2470.2770009999995,52.66968978147405,13127.749328613281,13.18572998046875,1698.9229736328125,53.14941025536603,24.903008242980878,52.66968978147405
stack,train-ticket,stack,confine,syscall-restriction,11,stack,True,,,,True,True,posthoc,True,True,,568,17.5503,True,99.6,4.4,3.029169646786972,False,275.098513007164,14602.956970214844,241.88721033604816,12870.348510742188,12872.365790000002,5624.279853,18496.645643000003,53.208057147220465,0.5703559960238636,12.04010009765625,12.095794000000751,6.671857999999702,18.767652000000453,21.1097984093999,32.64094667509198,1720.568359375,1723.2434529999991,780.2835249999998,2503.526977999999,52.71196256963805,12870.348510742188,12.04010009765625,1720.568359375,53.208057147220465,21.1097984093999,52.71196256963805
stack,train-ticket,stack,confine,syscall-restriction,12,stack,True,,,,True,True,posthoc,True,True,,570,17.8909,True,99.7,4.8,2.9788171600877194,False,271.75307277264073,14387.883178710938,239.11434655170888,12678.135437011719,12676.35384,5519.051911,18195.405751,53.02122444698253,0.5285883881151676,11.82196044921875,15.210960000000341,8.340860000000248,23.55182000000059,22.365153520252907,32.11013783281669,1697.92578125,1695.0534610000013,764.797114,2459.8505750000013,52.87818414515534,12678.135437011719,11.82196044921875,1697.92578125,53.02122444698253,22.365153520252907,52.87818414515534
stack,train-ticket,stack,confine,syscall-restriction,13,stack,True,,,,True,True,posthoc,True,True,,553,17.3646,True,99.6,4.5,3.0717759089271586,False,275.28667563712224,14625.697509765625,242.59107052814215,12910.820983886719,12910.646819,5621.123122,18531.769941,53.22051201546175,0.5575364646501839,16.1844482421875,16.27479999999923,8.408669999999802,24.683469999999033,29.028501754306127,32.138068644329906,1698.6920776367188,1700.5527139999995,762.8781130000007,2463.430827,52.85607223122344,12910.820983886719,16.1844482421875,1698.6920776367188,53.22051201546175,29.028501754306127,52.85607223122344
stack,train-ticket,stack,confine,syscall-restriction,14,stack,True,,,,True,True,posthoc,True,True,,571,17.9737,True,99.6,4.6,2.9755706519880145,False,275.57513751881197,14647.856872558594,242.9705572258681,12934.199645996094,12933.958039,5626.310486,18560.268525,53.23360901696545,0.518914454150945,14.60638427734375,14.671838000000207,6.699324000000161,21.371162000000368,28.147961885630878,32.08566583879292,1699.0508422851562,1700.959879,765.0251410000001,2465.98502,52.95357904746774,12934.199645996094,14.60638427734375,1699.0508422851562,53.23360901696545,28.147961885630878,52.95357904746774
stack,train-ticket,stack,confine,syscall-restriction,15,stack,True,,,,True,True,posthoc,True,True,,561,17.2131,True,,,3.097879622103387,False,279.21032442804426,14801.914255,245.63329522078857,501.9169921875,13049.911049999999,5588.354408,18638.265457999998,2.0433589499190234,0.6362086832523346,,14.092737000000852,8.310281000000032,22.403018000000884,,32.94082052400336,,1737.910468,774.8730779999996,2512.7835459999997,,13049.911049999999,14.092737000000852,1737.910468,53.12761463493794,22.151123320037048,52.758566433814764
stack,train-ticket,stack,confine,syscall-restriction,16,stack,True,,,,True,True,posthoc,True,True,,562,17.4517,True,99.5,4.5,3.061438943991882,False,274.2170369331725,14547.202514648438,241.13917494099587,12814.383544921875,12813.670505,5593.521385999999,18407.191891,53.1410275748742,0.5685189259238541,12.290283203125,15.379415999999765,9.104957000000468,24.484373000000232,21.618072227152428,32.50934306625277,1720.5286865234375,1718.3936109999995,779.3397409999998,2497.7333519999993,52.92412962689118,12814.383544921875,12.290283203125,1720.5286865234375,53.1410275748742,21.618072227152428,52.92412962689118
stack,train-ticket,stack,confine,syscall-restriction,17,stack,True,,,,True,True,posthoc,True,True,,551,17.0556,True,99.6,4.6,3.122839289005785,False,275.42126453015953,14630.594848632812,242.42483478877693,12893.718688964844,12895.420418,5561.35704,18456.777458,53.18645963066883,0.45519594196230173,16.19171142578125,16.09309800000119,9.010170000000471,25.103268000001663,35.57086066273018,32.5412337994203,1720.6844482421875,1717.9442099999997,770.6883950000001,2488.632605,52.87705004820194,12893.718688964844,16.19171142578125,1720.6844482421875,53.18645963066883,35.57086066273018,52.87705004820194
stack,train-ticket,stack,confine,syscall-restriction,18,stack,True,,,,True,True,posthoc,True,True,,540,16.9427,True,99.7,4.5,3.1489114266854745,False,271.6153323543258,14442.023864746094,238.74801046214998,12727.439331054688,12727.19508,5484.574155,18211.769235,53.30909064506084,0.6084731929004192,14.17236328125,14.308374000000185,8.2110389999998,22.519412999999986,23.29168063048819,32.258848699275404,1700.4121704101562,1702.5089470000003,759.8505329999998,2462.35948,52.7114958832474,12727.439331054688,14.17236328125,1700.4121704101562,53.30909064506084,23.29168063048819,52.7114958832474
stack,train-ticket,stack,confine,syscall-restriction,19,stack,True,,,,True,True,posthoc,True,True,,549,17.2003,True,99.5,4.6,3.098910639194843,False,274.0907782185823,14564.432312011719,241.33707062061876,12851.238098144531,12849.642459,5551.2315770000005,18400.874036,53.25016196267106,0.5806001629680395,11.89227294921875,14.991476999999577,8.41092799999933,23.402404999998907,20.482724097811506,32.17310743499547,1701.3019409179688,1698.9715419999993,759.3394860000008,2458.311028,52.87962763172267,12851.238098144531,11.89227294921875,1701.3019409179688,53.25016196267106,20.482724097811506,52.87962763172267
stack,train-ticket,stack,confine,syscall-restriction,2,stack,True,,,,True,True,posthoc,True,True,,555,17.0292,True,99.6,4.4,3.131388896220439,False,277.7730466122739,14722.312377929688,244.33510707924142,12969.999694824219,12972.062678,5596.617325,18568.680003,53.082833039698464,0.50042365770787,14.391845703125,14.186243000000104,7.675456999999369,21.861699999999473,28.75932318836625,32.93751587532461,1737.9208374023438,1741.0189800000007,776.2312279999996,2517.2502080000004,52.76417456558467,12969.999694824219,14.391845703125,1737.9208374023438,53.082833039698464,28.75932318836625,52.76417456558467
stack,train-ticket,stack,confine,syscall-restriction,3,stack,True,,,,True,True,posthoc,True,True,,559,17.3106,True,99.6,4.4,3.085597712153399,False,276.5408170991577,14693.060119628906,243.3678346881643,12955.750732421875,12956.733799,5648.339300000001,18605.073099,53.23526319335721,0.5456786789000034,12.46026611328125,12.530729000000065,7.526287000000593,20.057016000000658,22.83443827858375,32.627303732093424,1724.84912109375,1727.362948,778.2408669999995,2505.6038149999995,52.86520563441853,12955.750732421875,12.46026611328125,1724.84912109375,53.23526319335721,22.83443827858375,52.86520563441853
stack,train-ticket,stack,confine,syscall-restriction,4,stack,True,,,,True,True,posthoc,True,True,,538,16.878,True,99.6,4.6,3.1522849838086664,False,278.19902867265046,14765.30419921875,245.497288136743,13053.485046386719,13056.200524,5715.012408,18771.212932,53.17160586766186,0.5553867211565375,15.88983154296875,12.527432999999291,7.47147700000005,19.99890999999934,28.610391530211164,32.14635381475091,1695.9293212890625,1697.7978380000004,768.5650489999998,2466.3628870000002,52.756506416315744,13053.485046386719,15.88983154296875,1695.9293212890625,53.17160586766186,28.610391530211164,52.756506416315744
stack,train-ticket,stack,confine,syscall-restriction,5,stack,True,,,,True,True,posthoc,True,True,,549,17.0299,True,99.6,4.6,3.124844243617657,False,273.9568820060231,14528.349548339844,240.83717305632308,12798.410827636719,12799.502756,5534.370415,18333.873171,53.141343029481725,0.5963988238945603,14.39923095703125,14.378015000000232,8.540871000000152,22.918886000000384,24.14362735158067,32.52331012580544,1715.5394897460938,1718.0234939999991,774.9617000000007,2492.985194,52.747997762531206,12798.410827636719,14.39923095703125,1715.5394897460938,53.141343029481725,24.14362735158067,52.747997762531206
stack,train-ticket,stack,confine,syscall-restriction,6,stack,True,,,,True,True,posthoc,True,True,,573,17.7458,True,99.6,4.9,3.000332231504963,False,273.9657355681993,14533.72509765625,240.71083556581289,12799.853881835938,12800.138984,5518.274264,18318.413247999997,53.17522932338591,0.6142750503495336,14.68084716796875,14.786949000001187,8.413613999999143,23.20056300000033,23.89946842154029,32.64062495203689,1719.1903686523438,1721.4341919999988,772.904149,2494.3383409999988,52.67026508158387,12799.853881835938,14.68084716796875,1719.1903686523438,53.17522932338591,23.89946842154029,52.67026508158387
stack,train-ticket,stack,confine,syscall-restriction,7,stack,True,,,,True,True,posthoc,True,True,,546,17.1923,True,99.7,4.5,3.094556647779304,False,277.25212233001366,14700.373291015625,244.603537324816,-249148.66235351562,12995.887079,5609.634077,18605.521156,-1018.5815997528442,0.5605645980685949,15.40771484375,15.474630000000616,8.332558999999492,23.807189000000108,27.486064758346718,32.08802040712908,1689.6279296875,1691.7546409999995,755.3159990000004,2447.07064,52.656035126184065,12995.337646484375,15.40771484375,1689.6279296875,53.12816727268951,27.486064758346718,52.656035126184065
stack,train-ticket,stack,confine,syscall-restriction,8,stack,True,,,,True,True,posthoc,True,True,,549,17.1719,True,99.6,4.5,3.100257081412227,False,274.6880342126824,14545.773803710938,241.83779317280278,12831.515075683594,12830.326469000001,5525.183975,18355.510444,53.05835331748567,0.5441783280111849,12.21759033203125,15.381369000000632,8.303689000000304,23.685058000000936,22.45144597485722,32.306062711868435,1702.0411376953125,1699.561323,760.6112730000004,2460.1725960000003,52.684883109263126,12831.515075683594,12.21759033203125,1702.0411376953125,53.05835331748567,22.45144597485722,52.684883109263126
stack,train-ticket,stack,confine,syscall-restriction,9,stack,True,,,,True,True,posthoc,True,True,,555,17.0989,True,99.5,4.5,3.1205254082207206,False,276.1160828708671,14680.121154785156,242.75501203304157,12934.044677734375,12933.500643000001,5601.900576,18535.401219,53.28023742708106,0.6390927731990814,14.18487548828125,14.423485999999684,8.373635999999351,22.797121999999035,22.195330761254866,32.721978064626455,1731.8916015625,1733.2274959999995,779.2263380000004,2512.453834,52.927472726189876,12934.044677734375,14.18487548828125,1731.8916015625,53.28023742708106,22.195330761254866,52.927472726189876
